{"cameraMode":{"drawMode":0,"name":"Shaded","section":"Shading Mode"},"sceneLighting":true,"audioPlay":false,"sceneViewState":{"m_AlwaysRefresh":false,"showFog":true,"showSkybox":true,"showFlares":true,"showImageEffects":true,"showParticleSystems":true,"showVisualEffectGraphs":true,"m_FxEnabled":true},"in2DMode":false,"pivot":{"x":0.17477688193321229,"y":1.7701637744903565,"z":-6.9216203689575199},"rotation":{"x":0.0024627717211842539,"y":-0.9973447322845459,"z":0.06322404742240906,"w":0.03889330476522446},"size":3.3648645877838136,"orthographic":false}